file,kAngle,bAngle,larmAngle,rarmAngle,llegAngle,rlegAngle,legScore,armScore,kScore,bScore,oScore
men94kg_0001,43.12439085502417,1.4723344591777503,169.02201002256206,159.53070272497726,148.08719889164743,155.45965509323136,4.354685398487879,6.855271274753932,6.112439085502417,9.263832770411124,6.956365041198727
