file,kAngle,bAngle,kScore,bScore,oScore
men85kg_0001,162.93962865093067,2.5588783255672767,9.793962865093068,9.914704055814424,9.830185222309476
